Author,Total_Papers,Relevant_Papers,Relevance_Rate,Average_Relevance_Score,Total_Citations,Average_Citations_Per_Paper
TKF Chiu,20,19,0.95,0.8624999999999998,3795,189.75
IT Sanusi,12,12,1.0,0.9083333333333333,2040,170.0
H Vartiainen,12,12,1.0,0.8666666666666667,1402,116.83333333333333
J Su,11,11,1.0,0.8136363636363637,2846,258.72727272727275
DTK Ng,11,11,1.0,0.8590909090909092,4248,386.1818181818182
CS Chai,10,10,1.0,0.89,2361,236.1
S Ali,9,9,1.0,0.9111111111111112,1511,167.88888888888889
D DiPaola,8,8,1.0,0.9125000000000001,1481,185.125
W Holmes,8,8,1.0,0.8062499999999999,4834,604.25
I Lee,8,8,1.0,0.875,1922,240.25
Y Dai,7,7,1.0,0.9,1357,193.85714285714286
K Holstein,6,6,1.0,0.875,3067,511.1666666666667
J Kahila,6,6,1.0,0.8999999999999999,364,60.666666666666664
B Mott,6,6,1.0,0.8999999999999999,120,20.0
M Kandlhofer,6,6,1.0,0.8583333333333334,1177,196.16666666666666
M Tedre,6,6,1.0,0.7916666666666666,1294,215.66666666666666
M Milrad,6,6,1.0,0.9166666666666666,214,35.666666666666664
J Velander,6,6,1.0,0.9166666666666666,214,35.666666666666664
S Sentance,6,6,1.0,0.8666666666666667,164,27.333333333333332
SS Oyelere,6,6,1.0,0.8583333333333334,872,145.33333333333334
N Wang,6,6,1.0,0.9,150,25.0
A Eguchi,6,6,1.0,0.7166666666666667,1198,199.66666666666666
JKL Leung,5,5,1.0,0.8699999999999999,2827,565.4
H Crompton,7,5,0.7142857142857143,0.7000000000000001,2448,349.7142857142857
MSY Jong,5,5,1.0,0.9099999999999999,919,183.8
C Breazeal,5,5,1.0,0.9099999999999999,244,48.8
G Steinbauer,5,5,1.0,0.85,1175,235.0
K Glazewski,5,5,1.0,0.9199999999999999,46,9.2
YB Kafai,5,5,1.0,0.78,488,97.6
K Sperling,5,5,1.0,0.9,4,0.8
X Zhai,5,5,1.0,0.7999999999999999,384,76.8
R Romeike,5,5,1.0,0.8700000000000001,282,56.4
V Cateté,4,4,1.0,0.9,3,0.75
J Vandenberg,4,4,1.0,0.8875000000000001,1,0.25
X Tian,4,4,1.0,0.9,105,26.25
CP Rosé,4,4,1.0,0.9,15,3.75
L Mannila,4,4,1.0,0.9374999999999999,3,0.75
V Aleven,4,4,1.0,0.9125,725,181.25
H Jung,4,4,1.0,0.9125,361,90.25
IA Chounta,4,4,1.0,0.825,854,213.5
D Touretzky,4,4,1.0,0.9249999999999999,1144,286.0
PY Lin,4,4,1.0,0.9,777,194.25
J Kim,4,4,1.0,0.8875,858,214.5
SC Kong,5,4,0.8,0.63,1040,208.0
S Choi,5,4,0.8,0.8099999999999999,473,94.6
Q Xia,4,4,1.0,0.8250000000000001,582,145.5
M Cukurova,4,4,1.0,0.875,791,197.75
SKW Chu,4,4,1.0,0.7875,2373,593.25
N Otero,4,4,1.0,0.925,208,52.0
S Jiang,4,4,1.0,0.9,16,4.0
R Williams,4,4,1.0,0.9125,233,58.25
A Mohanty,4,3,0.75,0.625,733,183.25
A Lindner,3,3,1.0,0.8833333333333333,221,73.66666666666667
A Lin,3,3,1.0,0.8833333333333333,46,15.333333333333334
K Kwon,3,3,1.0,0.9166666666666666,279,93.0
A Ottenbreit-Leftwich,3,3,1.0,0.9333333333333332,82,27.333333333333332
P Ravi,3,3,1.0,0.7999999999999999,21,7.0
G Kim,3,3,1.0,0.8833333333333333,187,62.333333333333336
H Muukkonen,3,3,1.0,0.9,912,304.0
F Heintz,3,3,1.0,0.8166666666666668,140,46.666666666666664
I Celik,3,3,1.0,0.9,912,304.0
A Bozkurt,3,3,1.0,0.7666666666666666,262,87.33333333333333
S Lee,3,3,1.0,0.9,118,39.333333333333336
E Baran,3,3,1.0,0.6999999999999998,14,4.666666666666667
M Lee,3,3,1.0,0.8166666666666668,956,318.6666666666667
C Gresse von Wangenheim,3,3,1.0,0.9,405,135.0
Y Zhong,3,3,1.0,0.7166666666666667,831,277.0
SFA Hossain,3,3,1.0,0.9,7,2.3333333333333335
KE Boyer,3,3,1.0,0.9,17,5.666666666666667
X Zhou,3,3,1.0,0.9166666666666666,269,89.66666666666667
Y Wang,3,3,1.0,0.7666666666666666,559,186.33333333333334
A Han,3,3,1.0,0.8833333333333333,127,42.333333333333336
S Zhang,3,3,1.0,0.9,89,29.666666666666668
F Jetzinger,3,3,1.0,0.9333333333333332,21,7.0
X Liu,3,3,1.0,0.8833333333333333,47,15.666666666666666
C Li,3,3,1.0,0.9,6,2.0
F Martin,4,3,0.75,0.7,1279,319.75
S Guerreiro-Santalla,3,3,1.0,0.9,170,56.666666666666664
W Xing,3,3,1.0,0.9,6,2.0
S Grover,3,3,1.0,0.7833333333333333,380,126.66666666666667
P Zhou,3,3,1.0,0.8666666666666667,463,154.33333333333334
Y Jang,4,3,0.75,0.7875,472,118.0
H Ogata,3,3,1.0,0.8000000000000002,130,43.333333333333336
E Greenwald,3,3,1.0,0.8666666666666667,43,14.333333333333334
M Romero,3,3,1.0,0.7666666666666666,14,4.666666666666667
L Morales-Navarro,3,3,1.0,0.9,16,5.333333333333333
W Zhu,3,3,1.0,0.9,6,2.0
J Van Brummelen,3,3,1.0,0.9499999999999998,517,172.33333333333334
J Yu,3,3,1.0,0.8999999999999999,14,4.666666666666667
F Bellas,3,3,1.0,0.9,179,59.666666666666664
K Porayska-Pomsta,3,3,1.0,0.7333333333333334,2577,859.0
C Zhang,3,3,1.0,0.8666666666666667,498,166.0
R Araya,3,3,1.0,0.9,8,2.6666666666666665
F Miao,2,2,1.0,0.8,907,453.5
D Petko,2,2,1.0,0.9,0,0.0
RH Mogavi,2,2,1.0,0.8500000000000001,462,231.0
C Proctor,2,2,1.0,0.6,472,236.0
Y Cheng,2,2,1.0,0.9,752,376.0
M Beege,2,2,1.0,0.8,44,22.0
M Pagani,2,2,1.0,0.9,0,0.0
Y Jeong,2,2,1.0,0.9,4,2.0
U Lee,2,2,1.0,0.9,4,2.0
M Wingren,2,2,1.0,0.925,0,0.0
K Park,2,2,1.0,0.9,40,20.0
M Duran,2,2,1.0,0.8,10,5.0
G Zaharija,2,2,1.0,0.95,0,0.0
S Mladenović,2,2,1.0,0.95,0,0.0
YJ Kim,2,2,1.0,0.9,8,4.0
A Stoiber,2,2,1.0,0.9,8,4.0
JJ Kim,2,2,1.0,0.8500000000000001,462,231.0
LS Nadelson,2,2,1.0,0.925,1,0.5
C Schulte,2,2,1.0,0.75,9,4.5
S Seegerer,2,2,1.0,0.8500000000000001,120,60.0
J Moreno-León,3,2,0.6666666666666666,0.7333333333333334,202,67.33333333333333
HR Lee,2,2,1.0,0.8500000000000001,5,2.5
Z Mohseni,2,2,1.0,0.7,25,12.5
D Wang,2,2,1.0,0.8500000000000001,13,6.5
G Alexandron,2,2,1.0,0.925,182,91.0
D Shan,2,2,1.0,0.8500000000000001,13,6.5
E Arkko,2,2,1.0,0.9,44,22.0
YD Kwon,2,2,1.0,0.8500000000000001,462,231.0
W Yang,2,2,1.0,0.8500000000000001,655,327.5
GJ Hwang,4,2,0.5,0.5,1156,289.0
S Tan,2,2,1.0,0.6,1074,537.0
J Wind,2,2,1.0,0.9,0,0.0
S Miller,2,2,1.0,0.9,0,0.0
RF Kizilcec,2,2,1.0,0.75,181,90.5
G Byun,2,2,1.0,0.9,4,2.0
M Croft,2,2,1.0,0.9,4,2.0
F Alexandre,2,2,1.0,0.85,48,24.0
S Gattupalli,2,2,1.0,0.9,62,31.0
D Boulden,2,2,1.0,0.9,0,0.0
M Bower,2,2,1.0,0.825,162,81.0
C Snyder,2,2,1.0,0.875,30,15.0
CA Eden,2,2,1.0,0.8,169,84.5
AK de Oliveira Nascimento,2,2,1.0,0.95,0,0.0
B Riahi,2,2,1.0,0.9,2,1.0
RW Maloy,2,2,1.0,0.9,62,31.0
J Roe,2,2,1.0,0.8500000000000001,152,76.0
A Shell,2,2,1.0,0.95,0,0.0
R Whyte,2,2,1.0,0.9,3,1.5
T Valtonen,2,2,1.0,0.85,534,267.0
A Kostas,2,2,1.0,0.9,13,6.5
X Chen,2,2,1.0,0.7,9,4.5
C Rajapakse,2,2,1.0,0.9,22,11.0
L Furze,2,2,1.0,0.8500000000000001,152,76.0
R Marrone,2,2,1.0,0.8,197,98.5
W Van Den Noortgate,2,2,1.0,0.9,10,5.0
S Cathrin,2,2,1.0,0.6,58,29.0
M Giannakos,2,2,1.0,0.9,198,99.0
L Höper,2,2,1.0,0.8,5,2.5
A Elshenawy,2,2,1.0,0.6,40,20.0
E Hussam,2,2,1.0,0.6,40,20.0
A Gupta,2,2,1.0,0.925,2,1.0
R Wikandaru,2,2,1.0,0.6,58,29.0
M Kelley,2,2,1.0,0.8,2,1.0
RS Baker,2,2,1.0,0.8500000000000001,104,52.0
T Wenzel,2,2,1.0,0.8,2,1.0
G Gadanidis,2,2,1.0,0.8500000000000001,191,95.5
L Stenliden,2,2,1.0,0.9,2,1.0
B Magerko,2,2,1.0,0.9,2615,1307.5
D Long,2,2,1.0,0.9,2615,1307.5
H Luan,2,2,1.0,0.75,1087,543.5
N Rummel,2,2,1.0,0.9,404,202.0
C Baroglio,2,2,1.0,0.9,12,6.0
T Consoli,2,2,1.0,0.9,0,0.0
ML Țală,2,2,1.0,0.6499999999999999,54,27.0
S Lemaignan,2,2,1.0,0.6,514,257.0
ME Karim,2,2,1.0,0.6,514,257.0
U Lorenz,2,2,1.0,0.85,54,27.0
G Gheorghe,2,2,1.0,0.6499999999999999,54,27.0
IA Năstase,2,2,1.0,0.6499999999999999,54,27.0
CN Müller,2,2,1.0,0.6499999999999999,54,27.0
D Fernes,2,2,1.0,0.8,116,58.0
M Berges,2,2,1.0,0.6,237,118.5
A Dengel,2,2,1.0,0.8,116,58.0
M Çoban,2,2,1.0,0.95,6,3.0
Z Bai,2,2,1.0,0.8500000000000001,123,61.5
D Jackson,2,2,1.0,0.95,0,0.0
TD Ullmann,2,2,1.0,0.85,22,11.0
D Bektik,2,2,1.0,0.85,22,11.0
CK Lo,2,2,1.0,0.7749999999999999,2244,1122.0
J Renzella,2,2,1.0,0.95,0,0.0
M Baldoni,2,2,1.0,0.9,12,6.0
C Tatar,2,2,1.0,0.9,15,7.5
C McGrath,2,2,1.0,0.8500000000000001,2,1.0
T Xu,2,2,1.0,0.875,191,95.5
J Dempere,2,2,1.0,0.7,613,306.5
R Kimmons,2,2,1.0,0.75,78,39.0
S Jayasuriya,2,2,1.0,0.8500000000000001,17,8.5
J Chao,2,2,1.0,0.9,15,7.5
J Masla,2,2,1.0,0.75,8,4.0
G Zhang,3,2,0.6666666666666666,0.5333333333333333,716,238.66666666666666
R Parks,2,2,1.0,0.75,8,4.0
M Barajas,2,2,1.0,0.9,22,11.0
A Trifonova,2,2,1.0,0.9,22,11.0
M Naya,2,2,1.0,0.9,160,80.0
Z Zhang,2,2,1.0,0.85,28,14.0
K Kadaruddin,2,2,1.0,0.875,346,173.0
WMY Cheung,3,2,0.6666666666666666,0.5333333333333333,716,238.66666666666666
JD Rodríguez-García,2,2,1.0,0.8999999999999999,200,100.0
A Mallo,2,2,1.0,0.9,29,14.5
SA Olaleye,2,2,1.0,0.9,272,136.0
I King,2,2,1.0,0.9,585,292.5
NI Kucirkova,2,2,1.0,0.9,2,1.0
T Michaeli,2,2,1.0,0.8500000000000001,43,21.5
T Frosig,2,2,1.0,0.85,14,7.0
RP Putra,2,2,1.0,0.8,2,1.0
Y Tang,2,2,1.0,0.9,20,10.0
M Humburg,2,2,1.0,0.9,0,0.0
RC Smith,2,2,1.0,0.8500000000000001,131,65.5
MM Schaper,2,2,1.0,0.8500000000000001,131,65.5
Z Ahmad,3,2,0.6666666666666666,0.7333333333333334,292,97.33333333333333
X Miao,2,2,1.0,0.925,11,5.5
A Rivas,2,2,1.0,0.7,3094,1547.0
C Gardner-McCune,2,2,1.0,0.925,986,493.0
E Barendsen,2,2,1.0,0.9,1,0.5
V Lonati,2,2,1.0,0.9,1,0.5
K Quille,2,2,1.0,0.9,1,0.5
F Pedro,2,2,1.0,0.7,3094,1547.0
AJ Ko,2,2,1.0,0.75,148,74.0
T Wang,2,2,1.0,0.925,175,87.5
J Zheng,2,2,1.0,0.9,0,0.0
J Alé,2,2,1.0,0.925,0,0.0
Z Liu,2,2,1.0,0.925,0,0.0
B Perret,2,2,1.0,0.9,392,196.0
R Khazanchi,2,2,1.0,0.9,1,0.5
P Lin,2,2,1.0,0.95,384,192.0
J Hallström,2,2,1.0,0.875,178,89.0
FJ Agbo,2,2,1.0,0.9,212,106.0
J Lester,2,2,1.0,0.95,107,53.5
X Hu,2,2,1.0,0.825,394,197.0
J Waite,2,2,1.0,0.8999999999999999,152,76.0
S Rizvi,2,2,1.0,0.8999999999999999,152,76.0
II Ishmuradova,2,2,1.0,0.85,4,2.0
M Koehler,2,2,1.0,0.7,10,5.0
M Phillips,2,2,1.0,0.7,10,5.0
P Mishra,2,2,1.0,0.7,10,5.0
T Toivonen,2,2,1.0,0.7749999999999999,429,214.5
G Schiavo,2,2,1.0,0.925,185,92.5
ZH Sahito,2,2,1.0,0.95,2,1.0
K Kim,2,2,1.0,0.9,166,83.0
JW Kwon,2,2,1.0,0.7,18,9.0
T Nazaretsky,2,2,1.0,0.9,685,342.5
P Charland,2,2,1.0,0.8999999999999999,13,6.5
P Khazanchi,2,2,1.0,0.9,1,0.5
SJ Yun,2,2,1.0,0.7,18,9.0
AML Taylor-Beswick,2,2,1.0,0.85,14,7.0
GKW Wong,2,2,1.0,0.95,268,134.0
A Zaman,1,1,1.0,0.8,52,52.0
K Pahi,1,1,1.0,0.8,52,52.0
A Hesham,1,1,1.0,0.6,496,496.0
A Addas,1,1,1.0,0.6,3,3.0
F Naseer,1,1,1.0,0.6,3,3.0
W Gelder,1,1,1.0,0.9,3,3.0
M Tahir,1,1,1.0,0.6,3,3.0
E Hicks,1,1,1.0,0.8,52,52.0
S Hawlader,1,1,1.0,0.8,52,52.0
A Namoun,1,1,1.0,0.8,11,11.0
S Chakraborty,1,1,1.0,0.8,3,3.0
J Torrington,1,1,1.0,0.8,160,160.0
S Chakraburty,1,1,1.0,0.95,0,0.0
KD Glazewski,1,1,1.0,0.95,0,0.0
F Tu,1,1,1.0,0.7,7,7.0
SS Kotamjani,1,1,1.0,0.8,303,303.0
R Marachi,1,1,1.0,0.7,128,128.0
A Hogan,1,1,1.0,0.6,334,334.0
B Williamson,1,1,1.0,0.6,334,334.0
JWM Lai,1,1,1.0,0.8,160,160.0
S Anowar,1,1,1.0,0.8,3,3.0
P Petocz,1,1,1.0,0.8,160,160.0
G Lampropoulos,1,1,1.0,0.8,17,17.0
MS Aslam,1,1,1.0,0.9,22,22.0
MN Khan,1,1,1.0,0.6,3,3.0
S Nisar,1,1,1.0,0.9,22,22.0
M Lourens,1,1,1.0,0.7,1,1.0
S Das,1,1,1.0,0.8,3,3.0
X Yu,1,1,1.0,0.9,3,3.0
I Han,1,1,1.0,0.6,372,372.0
DA Naik,1,1,1.0,0.7,1,1.0
M Perkins,1,1,1.0,0.8,151,151.0
M Tissenbaum,1,1,1.0,0.85,3,3.0
TM Philip,1,1,1.0,0.85,3,3.0
N Taş,1,1,1.0,0.85,3,3.0
B Agarwal,1,1,1.0,0.6,6,6.0
G van Lankveld,1,1,1.0,0.6,6,6.0
R Klemke,1,1,1.0,0.6,6,6.0
S Nemorin,1,1,1.0,0.85,265,265.0
A Vlachidis,1,1,1.0,0.85,265,265.0
HM Ayerakwa,1,1,1.0,0.85,265,265.0
J Ware,1,1,1.0,0.6,135,135.0
J Laboy,1,1,1.0,0.6,135,135.0
E Tshukudu,1,1,1.0,0.85,3,3.0
A Nadaf,1,1,1.0,0.9,4,4.0
KN Gulson,1,1,1.0,0.7,109,109.0
S Sellar,1,1,1.0,0.7,109,109.0
PT Webb,1,1,1.0,0.7,109,109.0
Y Gu,1,1,1.0,0.6,3,3.0
MA Feijoo-Garcia,1,1,1.0,0.6,3,3.0
N Gillani,1,1,1.0,0.7,193,193.0
R Eynon,1,1,1.0,0.7,193,193.0
H Allam,1,1,1.0,0.8,117,117.0
V Akre,1,1,1.0,0.8,117,117.0
D Parakash,1,1,1.0,0.8,117,117.0
K Wiedemann,1,1,1.0,0.9,1,1.0
MA Chang,1,1,1.0,0.85,3,3.0
F Cincil,1,1,1.0,0.9,0,0.0
D Ifenthaler,1,1,1.0,0.7,5,5.0
PH Cheng,1,1,1.0,0.9,1,1.0
S Seufert,1,1,1.0,0.7,5,5.0
M El Khatib,1,1,1.0,0.8,2,2.0
N Devasia,1,1,1.0,0.9,201,201.0
S Dogan,1,1,1.0,0.9,0,0.0
J Ruppert,1,1,1.0,0.6,12,12.0
R Roque,1,1,1.0,0.6,12,12.0
H Ji,1,1,1.0,0.6,372,372.0
FJG Peñalvo,1,1,1.0,0.8,160,160.0
Y Ko,1,1,1.0,0.6,372,372.0
L Avraamidou,1,1,1.0,0.9,6,6.0
KY Lin,1,1,1.0,0.9,1,1.0
B Ravindar,1,1,1.0,0.7,1,1.0
E Küçük,1,1,1.0,0.9,0,0.0
J Wing,1,1,1.0,0.6,498,498.0
D Pal,1,1,1.0,0.6,136,136.0
R Roy,1,1,1.0,0.6,136,136.0
JM Spector,1,1,1.0,0.6,611,611.0
LW Chen,1,1,1.0,0.9,1,1.0
W Ning,1,1,1.0,0.6,2,2.0
K Roy,1,1,1.0,0.9,6,6.0
K Swargiary,1,1,1.0,0.9,6,6.0
I Roll,1,1,1.0,0.8,1412,1412.0
R Wylie,1,1,1.0,0.8,1412,1412.0
B Wasson,1,1,1.0,0.8,373,373.0
JD Camba,1,1,1.0,0.8,160,160.0
YS Kusumah,1,1,1.0,0.9,1,1.0
M Alier,1,1,1.0,0.8,160,160.0
F Al Husseiny,1,1,1.0,0.6,250,250.0
H Treiblmaier,1,1,1.0,0.7,145,145.0
B Pardamean,1,1,1.0,0.8,118,118.0
T Suparyanto,1,1,1.0,0.8,118,118.0
TW Cenggoro,1,1,1.0,0.8,118,118.0
A Banzon,1,1,1.0,0.9,2,2.0
R Milanaik,1,1,1.0,0.85,3,3.0
LV Walker,1,1,1.0,0.9,2,2.0
M Taub,1,1,1.0,0.9,2,2.0
N Heffernan,1,1,1.0,0.9,94,94.0
X Jiao,1,1,1.0,0.9,0,0.0
E Prihar,1,1,1.0,0.9,94,94.0
M Yamashita,1,1,1.0,0.9,94,94.0
W Shi,1,1,1.0,0.85,27,27.0
JT Shen,1,1,1.0,0.9,94,94.0
X Niu,1,1,1.0,0.85,27,27.0
C Wang,1,1,1.0,0.8,9,9.0
V Abou-Khalil,1,1,1.0,0.9,0,0.0
L Hollenstein,1,1,1.0,0.9,0,0.0
V Ferraioli,1,1,1.0,0.9,0,0.0
J Xiao,1,1,1.0,0.9,12,12.0
M Nichols,1,1,1.0,0.9,12,12.0
A Pazurek,1,1,1.0,0.9,12,12.0
CM Stracke,1,1,1.0,0.9,12,12.0
A Appolloni,1,1,1.0,0.7,145,145.0
A Rejeb,1,1,1.0,0.7,145,145.0
S Tripathy,1,1,1.0,0.6,37,37.0
A Sultana,1,1,1.0,0.9,0,0.0
C Nerdel,1,1,1.0,0.7,140,140.0
B Walthall,1,1,1.0,0.9,1,1.0
EW Faidley,1,1,1.0,0.9,1,1.0
S Kilis,1,1,1.0,0.6,1,1.0
AI Attwood,1,1,1.0,0.8,20,20.0
A Shapiro,1,1,1.0,0.95,0,0.0
JW Paige,1,1,1.0,0.9,2,2.0
A Friedrich,1,1,1.0,0.6,13,13.0
S Schreiter,1,1,1.0,0.6,13,13.0
L Ayer,1,1,1.0,0.9,2,2.0
T Ilkka,1,1,1.0,0.9,487,487.0
S Devarapalli,1,1,1.0,0.6,37,37.0
M Vogel,1,1,1.0,0.6,13,13.0
MB Alghasab,1,1,1.0,0.9,2,2.0
A Schaffland,1,1,1.0,0.9,1,1.0
MD Dickey,1,1,1.0,0.6,67,67.0
BA Becker,1,1,1.0,0.6,477,477.0
P Denny,1,1,1.0,0.6,477,477.0
J Finnie-Ansley,1,1,1.0,0.6,477,477.0
CT Murniati,1,1,1.0,0.95,0,0.0
TD Hastuti,1,1,1.0,0.95,0,0.0
R Sanjaya,1,1,1.0,0.95,0,0.0
H Galindo-Domínguez,1,1,1.0,0.9,87,87.0
N Delgado,1,1,1.0,0.9,87,87.0
H Aljuaid,1,1,1.0,0.6,137,137.0
I Saralar-Aras,1,1,1.0,0.8,6,6.0
STH Pham,1,1,1.0,0.8,3,3.0
LA Annetta,1,1,1.0,0.8,161,161.0
RK Ayyasamy,1,1,1.0,0.9,1,1.0
G Hill,1,1,1.0,0.7,192,192.0
M Branthôme,1,1,1.0,0.9,1,1.0
S Lallé,1,1,1.0,0.9,1,1.0
AJ Karran,1,1,1.0,0.85,12,12.0
J Trempe-Martineau,1,1,1.0,0.85,12,12.0
C Kooli,1,1,1.0,0.6,677,677.0
BD Parker,1,1,1.0,0.6,2,2.0
K SWARGIARY,1,1,1.0,0.9,7,7.0
E Bettinger,1,1,1.0,0.8,240,240.0
D Mhlanga,1,1,1.0,0.7,888,888.0
AL Fauzi,1,1,1.0,0.9,1,1.0
JM Rosenberg,1,1,1.0,0.8,51,51.0
E Nurlaelah,1,1,1.0,0.9,1,1.0
D Juandi,1,1,1.0,0.9,1,1.0
F Kamalov,1,1,1.0,0.8,971,971.0
D Santandreu Calonge,1,1,1.0,0.8,971,971.0
I Gurrib,1,1,1.0,0.8,971,971.0
P Chinnasamy,1,1,1.0,0.9,1,1.0
S Kaddoura,1,1,1.0,0.6,250,250.0
S Loeb,1,1,1.0,0.8,240,240.0
L Screpanti,1,1,1.0,0.6,28,28.0
C Dignam,1,1,1.0,0.8,0,0.0
B Klimova,1,1,1.0,0.6,170,170.0
LS Marques,1,1,1.0,0.9,233,233.0
D Webb,1,1,1.0,0.8,426,426.0
H Bae,1,1,1.0,0.9,0,0.0
AS Evmenova,1,1,1.0,0.85,0,0.0
K Regan,1,1,1.0,0.85,0,0.0
R Hrisseh,1,1,1.0,0.85,0,0.0
A Bratovcic,1,1,1.0,0.9,0,0.0
A Repenning,1,1,1.0,0.8,426,426.0
V Kumar,1,1,1.0,0.9,30,30.0
MA Adeoye,1,1,1.0,0.7,66,66.0
M Pikhart,1,1,1.0,0.6,170,170.0
G Psyrra,1,1,1.0,0.6,28,28.0
J Kacetl,1,1,1.0,0.6,170,170.0
Z He,1,1,1.0,0.6,16,16.0
KJ Saltman,1,1,1.0,0.8,34,34.0
R Azevedo,1,1,1.0,0.9,196,196.0
P Brusilovsky,1,1,1.0,0.9,196,196.0
CKY Chan,2,1,0.5,0.5,469,234.5
MT Cheng,1,1,1.0,0.8,161,161.0
GA Demetriou,1,1,1.0,0.7,53,53.0
OY Tarasova,1,1,1.0,0.9,2,2.0
E Mangina,1,1,1.0,0.6,28,28.0
GM Morel,1,1,1.0,0.6,611,611.0
AC Borowczak,1,1,1.0,0.6,0,0.0
H Kalva,1,1,1.0,0.9,0,0.0
SW Kim,1,1,1.0,0.9,4,4.0
S Hajian,1,1,1.0,0.8,327,327.0
QQ Wang,1,1,1.0,0.8,327,327.0
M Aydın,1,1,1.0,0.9,2,2.0
H Yurdugül,1,1,1.0,0.9,2,2.0
E Yadollahi,1,1,1.0,0.8,3,3.0
C Perrotta,1,1,1.0,0.9,330,330.0
N Selwyn,1,1,1.0,0.9,330,330.0
J Batchelor,1,1,1.0,0.9,0,0.0
C Wiggill,1,1,1.0,0.9,0,0.0
B Du Boulay,1,1,1.0,0.85,331,331.0
A Khang,1,1,1.0,0.6,191,191.0
DH Chang,1,1,1.0,0.8,327,327.0
M Muthmainnah,1,1,1.0,0.6,191,191.0
PMI Seraj,1,1,1.0,0.6,191,191.0
SF Ahmad,1,1,1.0,0.6,324,324.0
Y Abel,1,1,1.0,0.7,2,2.0
MM Alam,1,1,1.0,0.6,324,324.0
MK Rahmat,1,1,1.0,0.6,324,324.0
MS Mubarik,1,1,1.0,0.6,324,324.0
I Yitmen,1,1,1.0,0.8,270,270.0
B Allman,1,1,1.0,0.7,27,27.0
J Rosenberg,1,1,1.0,0.7,27,27.0
MPC Lin,1,1,1.0,0.8,327,327.0
S Combéfis,1,1,1.0,0.95,1,1.0
R Vuorikari,1,1,1.0,0.9,5,5.0
S Basu,1,1,1.0,0.6,821,821.0
D Marocco,1,1,1.0,0.9,3,3.0
L Branchetti,1,1,1.0,0.8,12,12.0
O Levrini,1,1,1.0,0.8,12,12.0
WAP Sumartono,1,1,1.0,0.9,5,5.0
BK Wiederhold,1,1,1.0,0.9,2,2.0
B Lee,1,1,1.0,0.9,1,1.0
S Ku,1,1,1.0,0.9,1,1.0
K Ko,1,1,1.0,0.9,1,1.0
P Sengupta,1,1,1.0,0.6,821,821.0
JS Kinnebrew,1,1,1.0,0.6,821,821.0
G Biswas,1,1,1.0,0.6,821,821.0
R Torbey,1,1,1.0,0.85,0,0.0
JA Amado,1,1,1.0,0.8,4,4.0
CJP Dayson,1,1,1.0,0.8,4,4.0
VR Lee,1,1,1.0,0.6,173,173.0
MH Wilkerson,1,1,1.0,0.6,173,173.0
J Everson,1,1,1.0,0.6,36,36.0
FM Kivuva,1,1,1.0,0.6,36,36.0
M Henderson,1,1,1.0,0.85,2,2.0
C Slade,1,1,1.0,0.85,2,2.0
E Southgate,1,1,1.0,0.85,2,2.0
AT Mohammed,1,1,1.0,0.85,6,6.0
M Labanda-Jaramillo,1,1,1.0,0.9,6,6.0
L Chamba-Eras,1,1,1.0,0.9,6,6.0
Y Ning,1,1,1.0,0.9,3,3.0
R Xiao,1,1,1.0,0.9,2,2.0
G Maheshwari,1,1,1.0,0.6,126,126.0
M Benvenuti,1,1,1.0,0.8,173,173.0
A Cangelosi,1,1,1.0,0.8,173,173.0
R Power,1,1,1.0,0.6,6,6.0
Q Wen,1,1,1.0,0.85,13,13.0
A Vassar,1,1,1.0,0.95,0,0.0
YJ Tseng,1,1,1.0,0.9,2,2.0
A Weinberger,1,1,1.0,0.8,173,173.0
Y Ocaña-Fernández,1,1,1.0,0.6,257,257.0
LA Valenzuela-Fernández,1,1,1.0,0.6,257,257.0
J Wang,1,1,1.0,0.9,2,2.0
H Lai,1,1,1.0,0.7,769,769.0
DNK Jayakody,1,1,1.0,0.8,9,9.0
J Mahon,1,1,1.0,0.7,159,159.0
B Bryant,1,1,1.0,0.7,159,159.0
A Urmeneta,1,1,1.0,0.6,0,0.0
A Alrehaili,1,1,1.0,0.8,11,11.0
Y Jeon,1,1,1.0,0.9,2,2.0
E Mustafa,1,1,1.0,0.8,11,11.0
IA Ibrahim,1,1,1.0,0.8,11,11.0
T Tseng,1,1,1.0,0.85,0,0.0
AP Ikedinachi,1,1,1.0,0.7,143,143.0
J Rudolph,1,1,1.0,0.6,537,537.0
WM Jones,1,1,1.0,0.6,174,174.0
H Darabipourshiraz,1,1,1.0,0.9,0,0.0
ME Corbeil,1,1,1.0,0.8,2,2.0
A Almssad,1,1,1.0,0.8,270,270.0
SJH Yang,1,1,1.0,0.7,769,769.0
A Almusaed,1,1,1.0,0.8,270,270.0
CY Chang,1,1,1.0,0.8,10,10.0
HP Hsu,1,1,1.0,0.8,4,4.0
A Al-Harahsheh,1,1,1.0,0.95,4,4.0
K MacCallum,1,1,1.0,0.7,0,0.0
V Masiulionyte-Dagiene,1,1,1.0,0.9,2,2.0
T Shaik,1,1,1.0,0.85,293,293.0
X Tao,1,1,1.0,0.85,293,293.0
Y Li,1,1,1.0,0.85,293,293.0
Z Almahasees,1,1,1.0,0.95,4,4.0
C Dann,1,1,1.0,0.85,293,293.0
M Ranković,1,1,1.0,0.6,576,576.0
M Ilić,1,1,1.0,0.6,576,576.0
S Vakil,1,1,1.0,0.6,373,373.0
V Kuleto,1,1,1.0,0.6,576,576.0
C Odgers,1,1,1.0,0.95,0,0.0
E Sung,1,1,1.0,0.9,3,3.0
Z Cai,1,1,1.0,0.85,127,127.0
JR Corbeil,1,1,1.0,0.8,2,2.0
M Lodi,1,1,1.0,0.8,12,12.0
A Bewersdorff,1,1,1.0,0.7,140,140.0
M Ponticorvo,1,1,1.0,0.9,3,3.0
A ElMessiry,1,1,1.0,0.9,1,1.0
B Limbu,1,1,1.0,0.7,2,2.0
M IBRAHIM,1,1,1.0,0.9,0,0.0
M AYDOĞMUŞ,1,1,1.0,0.9,0,0.0
S Doroudi,1,1,1.0,0.6,180,180.0
A Kusmiatun,1,1,1.0,0.6,1,1.0
Y Chen,1,1,1.0,0.9,4,4.0
K Cornell,1,1,1.0,0.95,0,0.0
A Ford,1,1,1.0,0.95,0,0.0
D Smyslova,1,1,1.0,0.9,1,1.0
B Lestyarini,1,1,1.0,0.6,1,1.0
JC Lester,1,1,1.0,0.95,0,0.0
UB Qushem,1,1,1.0,0.7,93,93.0
Y Qiu,1,1,1.0,0.9,1,1.0
A Idrissi,1,1,1.0,0.9,2,2.0
ÇN Hıdıroğlu,1,1,1.0,0.7,26,26.0
Y Boutyour,1,1,1.0,0.9,2,2.0
SY Tadimalla,1,1,1.0,0.8,0,0.0
ML Maher,1,1,1.0,0.8,0,0.0
O Yetişensoy,1,1,1.0,0.8,1,1.0
M Mohana,1,1,1.0,0.6,8,8.0
K Nandhini,1,1,1.0,0.6,8,8.0
P Subashini,1,1,1.0,0.6,8,8.0
MA Shabur,1,1,1.0,0.6,14,14.0
N Liu,1,1,1.0,0.8,155,155.0
X Wu,1,1,1.0,0.8,155,155.0
E Latif,1,1,1.0,0.8,155,155.0
H Zhuang,1,1,1.0,0.9,0,0.0
XZ Li,1,1,1.0,0.9,15,15.0
X Kang,1,1,1.0,0.9,15,15.0
B Abu-Salih,1,1,1.0,0.7,67,67.0
S Alotaibi,1,1,1.0,0.7,67,67.0
JY Basha,1,1,1.0,0.9,26,26.0
OT Akintayo,1,1,1.0,0.8,33,33.0
OO Ayeni,1,1,1.0,0.8,33,33.0
C Baek,2,1,0.5,0.5,231,115.5
T Tate,1,1,1.0,0.6,89,89.0
M Warschauer,1,1,1.0,0.6,89,89.0
M Ullah,1,1,1.0,0.7,145,145.0
SU Amin,1,1,1.0,0.7,145,145.0
M Munsif,1,1,1.0,0.7,145,145.0
MM Yamin,1,1,1.0,0.7,145,145.0
S Misra,1,1,1.0,0.7,143,143.0
D Cassidy,1,1,1.0,0.9,5,5.0
L Sun,1,1,1.0,0.9,4,4.0
S Xiao,1,1,1.0,0.9,4,4.0
M Borowczak,1,1,1.0,0.6,0,0.0
GG Lee,1,1,1.0,0.8,155,155.0
I Rizvi,1,1,1.0,0.9,4,4.0
A Christopoulos,1,1,1.0,0.7,93,93.0
E Barelli,1,1,1.0,0.8,12,12.0
JM Flores-Viva,1,1,1.0,0.7,277,277.0
K Scheiter,1,1,1.0,0.6,11,11.0
N Percival,1,1,1.0,0.6,14,14.0
P Rayavaram,1,1,1.0,0.6,14,14.0
S Narain,1,1,1.0,0.6,14,14.0
S Sun,1,1,1.0,0.8,29,29.0
FJ García-Peñalvo,1,1,1.0,0.7,277,277.0
NM Else-Quest,1,1,1.0,0.8,29,29.0
B Prahani,1,1,1.0,0.85,127,127.0
I Rizki,1,1,1.0,0.85,127,127.0
N Suprapto,1,1,1.0,0.85,127,127.0
MIM Ridzuan,1,1,1.0,0.85,0,0.0
P Hubwieser,1,1,1.0,0.6,205,205.0
N Hassan,1,1,1.0,0.85,0,0.0
DJA Jambol,1,1,1.0,0.85,0,0.0
V McCormack,1,1,1.0,0.9,4,4.0
E Aleman,1,1,1.0,0.7,4,4.0
M Dilek,1,1,1.0,0.7,4,4.0
K Kahn,1,1,1.0,0.9,4,4.0
F Erdoğdu,1,1,1.0,0.8,3,3.0
S Gökoğlu,1,1,1.0,0.8,3,3.0
A Bathakur,1,1,1.0,0.9,5,5.0
S Fowler,1,1,1.0,0.9,5,5.0
AC Graesser,1,1,1.0,0.6,11,11.0
S Greiff,1,1,1.0,0.6,11,11.0
E Bauer,1,1,1.0,0.6,11,11.0
J PATRICK,1,1,1.0,0.9,0,0.0
MN Giannakos,1,1,1.0,0.6,205,205.0
M Shamkuwar,1,1,1.0,0.7,6,6.0
A Redmond‐Sanogo,1,1,1.0,0.9,2,2.0
KCR Kathala,1,1,1.0,0.6,3,3.0
SS Özdoğan,1,1,1.0,0.9,1,1.0
S Palakurthi,1,1,1.0,0.6,3,3.0
Y Xie,1,1,1.0,0.6,42,42.0
S Wu,1,1,1.0,0.6,42,42.0
G Türkmen,1,1,1.0,0.9,1,1.0
S Li,1,1,1.0,0.7,0,0.0
SF Erümit,1,1,1.0,0.8,4,4.0
S Nordmark,1,1,1.0,0.8,23,23.0
F Palma,1,1,1.0,0.8,23,23.0
I Masiello,1,1,1.0,0.8,23,23.0
C Chytas,1,1,1.0,0.6,32,32.0
C Connolly,1,1,1.0,0.6,32,32.0
A Yadav,1,1,1.0,0.6,32,32.0
W Cain,1,1,1.0,0.8,189,189.0
S Chakravarty,1,1,1.0,0.6,42,42.0
KP Thai,1,1,1.0,0.9,108,108.0
K BANOĞLU,1,1,1.0,0.9,0,0.0
J Roberts,1,1,1.0,0.7,140,140.0
CT Hsieh,1,1,1.0,0.8,12,12.0
S Murgatroyd,1,1,1.0,0.6,1,1.0
H Leatham,1,1,1.0,0.9,0,0.0
M McLain,1,1,1.0,0.9,0,0.0
Y Ndiaye,1,1,1.0,0.9,0,0.0
H Niemi,1,1,1.0,0.9,11,11.0
A Alamäki,1,1,1.0,0.6,40,40.0
C Nyberg,1,1,1.0,0.6,40,40.0
JCR Hauck,1,1,1.0,0.9,146,146.0
RCW Ng,1,1,1.0,0.9,605,605.0
JS Devi,1,1,1.0,0.9,110,110.0
MB Sreedhar,1,1,1.0,0.9,110,110.0
MJ Mataric,1,1,1.0,0.6,242,242.0
X Wan,1,1,1.0,0.9,120,120.0
A Mouta,1,1,1.0,0.9,25,25.0
Z Ye,1,1,1.0,0.9,120,120.0
KR Jansi,1,1,1.0,0.95,0,0.0
CK Mortensen,1,1,1.0,0.9,120,120.0
N Ghamrawi,1,1,1.0,0.9,187,187.0
T Shal,1,1,1.0,0.9,187,187.0
R Singh,1,1,1.0,0.95,0,0.0
DT Marshall,2,1,0.5,0.675,36,18.0
S Du,1,1,1.0,0.95,1,1.0
NAR Ghamrawi,1,1,1.0,0.9,187,187.0
A Cheung,1,1,1.0,0.9,128,128.0
EM Torrecilla-Sánchez,1,1,1.0,0.9,25,25.0
A Salonen,1,1,1.0,0.9,2,2.0
LR Finley,1,1,1.0,0.6,7,7.0
AJ Means,1,1,1.0,0.8,322,322.0
E Ekholm,1,1,1.0,0.95,11,11.0
M Jeon,1,1,1.0,0.95,4,4.0
V Goel,1,1,1.0,0.9,16,16.0
D Sahnan,1,1,1.0,0.9,16,16.0
V Venktesh,1,1,1.0,0.9,16,16.0
G Sharma,1,1,1.0,0.9,16,16.0
W Min,1,1,1.0,0.9,1,1.0
W Suh,1,1,1.0,0.9,126,126.0
A Johri,1,1,1.0,0.7,164,164.0
AKO Nascimento,1,1,1.0,0.95,1,1.0
A Amaniampong,1,1,1.0,0.85,1,1.0
AM Al-Abdullatif,1,1,1.0,0.95,1,1.0
S Oyelere,1,1,1.0,0.85,1,1.0
V Tyshchenko,1,1,1.0,0.95,0,0.0
N Drushchak,1,1,1.0,0.95,0,0.0
MA Safin,1,1,1.0,0.9,3,3.0
JS Downie,1,1,1.0,0.85,394,394.0
RJY Tan,1,1,1.0,0.85,394,394.0
C Chai,1,1,1.0,0.9,434,434.0
D Yang,1,1,1.0,0.9,0,0.0
I Jormanainen,1,1,1.0,0.95,0,0.0
L Lipien,1,1,1.0,0.95,1,1.0
NJ Kim,1,1,1.0,0.8,300,300.0
MK Kim,1,1,1.0,0.8,300,300.0
M Kurni,1,1,1.0,0.9,174,174.0
PS Mohammed,1,1,1.0,0.8,173,173.0
M Çetin,1,1,1.0,0.7,5,5.0
AK Erümit,1,1,1.0,0.6,3,3.0
Ü Cebeci,1,1,1.0,0.6,3,3.0
S Özmen,1,1,1.0,0.6,3,3.0
T Hurt,1,1,1.0,0.8,0,0.0
A Krakowski,1,1,1.0,0.8,0,0.0
SC Tan,1,1,1.0,0.7,127,127.0
AVY Lee,1,1,1.0,0.7,127,127.0
K Xie,1,1,1.0,0.85,133,133.0
M Rice,1,1,1.0,0.9,2,2.0
E 'Nell'Watson,1,1,1.0,0.8,173,173.0
HDI Sigurdardottir,1,1,1.0,0.9,6,6.0
M Allegra,1,1,1.0,0.95,5,5.0
S Perna,1,1,1.0,0.95,5,5.0
RA Dixon,1,1,1.0,0.9,112,112.0
W Sung,1,1,1.0,0.6,241,241.0
SM Leahy,1,1,1.0,0.9,170,170.0
S Saleh,1,1,1.0,0.8,506,506.0
M Nyaaba,1,1,1.0,0.9,9,9.0
D Saito,1,1,1.0,0.9,1,1.0
H Washizaki,1,1,1.0,0.9,1,1.0
J Keengwe,1,1,1.0,0.85,14,14.0
G Kurkan,1,1,1.0,0.7,5,5.0
A Palmquist,1,1,1.0,0.9,6,6.0
J Melnikova,1,1,1.0,0.8,4,4.0
I Saputra,1,1,1.0,0.85,104,104.0
A Batuchina,1,1,1.0,0.8,4,4.0
JO Omidiora,1,1,1.0,0.85,331,331.0
L Zhou,1,1,1.0,0.9,0,0.0
FR Baskara,1,1,1.0,0.9,16,16.0
A Nguyen,1,1,1.0,0.8,1184,1184.0
HN Ngo,1,1,1.0,0.8,1184,1184.0
Y Hong,1,1,1.0,0.8,1184,1184.0
KR Nelson,1,1,1.0,0.95,1,1.0
B Dang,1,1,1.0,0.8,1184,1184.0
S Larghi,1,1,1.0,0.95,2,2.0
M Astuti,1,1,1.0,0.85,104,104.0
A Sunday,1,1,1.0,0.95,1,1.0
M Sayuti,1,1,1.0,0.85,104,104.0
D Kusumastuti,1,1,1.0,0.85,104,104.0
KS Moore,1,1,1.0,0.9,15,15.0
S Zha,1,1,1.0,0.9,3,3.0
Y Yang,3,1,0.3333333333333333,0.5833333333333334,772,257.3333333333333
R Luckin,1,1,1.0,0.95,11,11.0
M Gentile,1,1,1.0,0.95,5,5.0
OA Garcia,1,1,1.0,0.95,6,6.0
E Choi,1,1,1.0,0.9,5,5.0
N Park,1,1,1.0,0.9,5,5.0
M Strawderman,1,1,1.0,0.95,11,11.0
M Abdelsalam Mohamed Mostafa,1,1,1.0,0.9,0,0.0
YH Cho,1,1,1.0,0.9,577,577.0
IO Adisa,1,1,1.0,0.95,2,2.0
H Kwon,1,1,1.0,0.9,170,170.0
W Park,1,1,1.0,0.9,170,170.0
LR Weisberg,1,1,1.0,0.9,88,88.0
K Jordan,1,1,1.0,0.6,234,234.0
M Ariely,1,1,1.0,0.9,503,503.0
B Patton,1,1,1.0,0.95,0,0.0
J Wilson,1,1,1.0,0.9,1,1.0
MA Ayanwale,1,1,1.0,0.9,429,429.0
OP Adelana,1,1,1.0,0.9,429,429.0
SMH Amiri,1,1,1.0,0.9,0,0.0
AO Adefisayo,1,1,1.0,0.95,2,2.0
Y Song,1,1,1.0,0.9,88,88.0
E Dieterle,1,1,1.0,0.8,118,118.0
C Dede,1,1,1.0,0.8,118,118.0
M Zancanaro,1,1,1.0,0.9,156,156.0
B Broll,1,1,1.0,0.8,43,43.0
C Aguerrebere,1,1,1.0,0.8,13,13.0
H He,1,1,1.0,0.8,13,13.0
M Kwet,1,1,1.0,0.8,13,13.0
SH Jin,1,1,1.0,0.9,40,40.0
MJ Laakso,1,1,1.0,0.8,13,13.0
S Dodson,1,1,1.0,0.9,40,40.0
JC Dempsey,1,1,1.0,0.9,26,26.0
M Naya-Varela,1,1,1.0,0.9,19,19.0
MRA Chen,1,1,1.0,0.6,372,372.0
M Barnes,1,1,1.0,0.9,0,0.0
Z Wolfe,1,1,1.0,0.95,5,5.0
O Karnalim,1,1,1.0,0.9,1,1.0
M Ayub,1,1,1.0,0.9,1,1.0
M Ma,1,1,1.0,0.95,0,0.0
C Fancy,1,1,1.0,0.95,0,0.0
C Labba,1,1,1.0,0.95,9,9.0
R Ben Atitallah,1,1,1.0,0.95,9,9.0
L Eutsler,1,1,1.0,0.9,0,0.0
DS Touretzky,1,1,1.0,0.95,1,1.0
B Rivera,1,1,1.0,0.9,0,0.0
S Lodhi,1,1,1.0,0.9,0,0.0
M Ismailov,1,1,1.0,0.9,210,210.0
H Tang,2,1,0.5,0.65,94,47.0
KKC Cheung,1,1,1.0,0.9,25,25.0
Y Long,1,1,1.0,0.9,25,25.0
Q Liu,1,1,1.0,0.9,25,25.0
HY Chan,1,1,1.0,0.9,25,25.0
DM Sharma,1,1,1.0,0.95,82,82.0
C Nordlöf,1,1,1.0,0.95,3,3.0
KV Ramana,1,1,1.0,0.95,82,82.0
R Jothilakshmi,1,1,1.0,0.95,82,82.0
T Deneux,1,1,1.0,0.9,1,1.0
Y Nafidi,1,1,1.0,0.95,0,0.0
M Leitner,1,1,1.0,0.9,36,36.0
R Majumdar,1,1,1.0,0.9,31,31.0
MM Gu,1,1,1.0,0.85,31,31.0
RR Bhavani,1,1,1.0,0.8,172,172.0
B Dalton,1,1,1.0,0.9,9,9.0
V Olari,1,1,1.0,0.9,10,10.0
E Chen,1,1,1.0,0.9,17,17.0
X Fang,1,1,1.0,0.9,17,17.0
J Lin,1,1,1.0,0.9,17,17.0
BL Moorhouse,1,1,1.0,0.9,603,603.0
R Kaplan-Rakowski,1,1,1.0,0.8,306,306.0
K Grotewold,1,1,1.0,0.8,306,306.0
Y Zhang,2,1,0.5,0.625,252,126.0
DS Rana,1,1,1.0,0.8,12,12.0
B Flanagan,1,1,1.0,0.9,31,31.0
SC Dimri,1,1,1.0,0.8,12,12.0
Z Li,1,1,1.0,0.6,21,21.0
ZA Pardos,1,1,1.0,0.6,21,21.0
C Ren,1,1,1.0,0.6,21,21.0
KWS Chu,1,1,1.0,0.9,415,415.0
WK Chiu,1,1,1.0,0.8,123,123.0
K Stolpe,1,1,1.0,0.8,175,175.0
S Sanasintani,1,1,1.0,0.9,17,17.0
FF Monteiro,1,1,1.0,0.9,8,8.0
PVS Souza,1,1,1.0,0.9,8,8.0
A Vazhayil,1,1,1.0,0.8,172,172.0
V Srinivasan,1,1,1.0,0.8,95,95.0
A Klimova,1,1,1.0,0.85,1316,1316.0
TKF CHIU,1,1,1.0,0.95,0,0.0
BM McLaren,1,1,1.0,0.9,190,190.0
D Li,1,1,1.0,0.85,0,0.0
S Osman,1,1,1.0,0.85,0,0.0
K Seo,1,1,1.0,0.9,40,40.0
NSA Alhassora,1,1,1.0,0.85,0,0.0
JA Kumar,1,1,1.0,0.85,0,0.0
A Singh,1,1,1.0,0.9,32,32.0
H Su,1,1,1.0,0.9,0,0.0
NAM Mokmin,1,1,1.0,0.9,0,0.0
J Ryu,1,1,1.0,0.9,2,2.0
C Tendai,1,1,1.0,0.9,1,1.0
B Zhong,1,1,1.0,0.6,81,81.0
S Gökçearslan,1,1,1.0,0.9,122,122.0
K Zhang,1,1,1.0,0.8,1297,1297.0
C Tosun,1,1,1.0,0.9,122,122.0
B Kao,1,1,1.0,0.9,3,3.0
B Zhao,2,1,0.5,0.525,34,17.0
J Sun,1,1,1.0,0.85,12,12.0
B Xu,1,1,1.0,0.85,12,12.0
X Lu,1,1,1.0,0.85,12,12.0
MS Qiao,1,1,1.0,0.7,1517,1517.0
KG Srinivasa,1,1,1.0,0.9,174,174.0
F Ward,1,1,1.0,0.9,170,170.0
K Saritha,1,1,1.0,0.9,174,174.0
A Acquah,1,1,1.0,0.95,0,0.0
N Humble,1,1,1.0,0.7,132,132.0
P Mozelius,1,1,1.0,0.7,132,132.0
A Gouseti,1,1,1.0,0.9,21,21.0
P Dillenbourg,1,1,1.0,0.95,268,268.0
L Mercadé,1,1,1.0,0.95,4,4.0
F Ansor,1,1,1.0,0.9,18,18.0
DSM Jannah,1,1,1.0,0.9,18,18.0
G Mani,1,1,1.0,0.8,0,0.0
KJ Kennedy,1,1,1.0,0.9,1,1.0
JM Castek,1,1,1.0,0.9,1,1.0
X Ma,1,1,1.0,0.95,268,268.0
C Greenhow,1,1,1.0,0.95,1435,1435.0
S Akgun,1,1,1.0,0.95,1435,1435.0
G Lemermeyer,1,1,1.0,0.95,316,316.0
P Pente,1,1,1.0,0.95,316,316.0
W Prasansaph,1,1,1.0,0.9,0,0.0
F Jia,1,1,1.0,0.7,114,114.0
D Sun,1,1,1.0,0.7,114,114.0
C Looi,1,1,1.0,0.7,114,114.0
JD Rego,1,1,1.0,0.8,8,8.0
A Kinder,1,1,1.0,0.6,20,20.0
N Dern,1,1,1.0,0.6,20,20.0
C Adams,1,1,1.0,0.95,316,316.0
DA Tillman,1,1,1.0,0.95,0,0.0
TJ Soto,1,1,1.0,0.95,0,0.0
E Javadi,1,1,1.0,0.9,6,6.0
J Lambert,1,1,1.0,0.9,103,103.0
CS York,1,1,1.0,0.9,8,8.0
NT Madathil,2,1,0.5,0.55,19,9.5
R Wen,1,1,1.0,0.8,112,112.0
T Adiguzel,1,1,1.0,0.9,1029,1029.0
MH Kaya,1,1,1.0,0.9,1029,1029.0
FK Cansu,1,1,1.0,0.9,1029,1029.0
X Li,1,1,1.0,0.6,10,10.0
WS Sayed,1,1,1.0,0.9,155,155.0
E Dixon-Román,1,1,1.0,0.6,123,123.0
TP Nichols,1,1,1.0,0.6,123,123.0
S Vahedian Movahed,1,1,1.0,0.85,0,0.0
AK Dubé,1,1,1.0,0.8,112,112.0
V Heilala,1,1,1.0,0.85,8,8.0
R Hämäläinen,1,1,1.0,0.85,8,8.0
MF Rauber,1,1,1.0,0.9,26,26.0
G Chen,1,1,1.0,0.8,10,10.0
P Denning,1,1,1.0,0.6,109,109.0
HC Lane,1,1,1.0,0.95,14,14.0
WH Chao,1,1,1.0,0.95,7,7.0
GS Semwaiko,1,1,1.0,0.95,7,7.0
MV Jones,1,1,1.0,0.95,212,212.0
FXR Baskara,1,1,1.0,0.9,7,7.0
A Vasudevan,1,1,1.0,0.9,7,7.0
KLR Keeley,1,1,1.0,0.8,2,2.0
C Fernández-Morante,1,1,1.0,0.95,527,527.0
A Broski,1,1,1.0,0.9,13,13.0
E Klopfer,1,1,1.0,0.9,13,13.0
P Limna,1,1,1.0,0.8,223,223.0
S Jakwatanatham,1,1,1.0,0.8,223,223.0
VJ Owan,1,1,1.0,0.7,456,456.0
KB Abang,1,1,1.0,0.7,456,456.0
DO Idika,1,1,1.0,0.7,456,456.0
S Buckingham Shum,1,1,1.0,0.8,18,18.0
O Viberg,1,1,1.0,0.8,32,32.0
MA Taiye,1,1,1.0,0.95,180,180.0
AF Wise,1,1,1.0,0.8,32,32.0
A Sadeghi-Niaraki,1,1,1.0,1.0,188,188.0
I Jivet,1,1,1.0,0.8,32,32.0
M Polat,1,1,1.0,0.8,5,5.0
İH Karataş,1,1,1.0,0.8,5,5.0
J Im,1,1,1.0,0.8,0,0.0
JS Bazargani,1,1,1.0,1.0,188,188.0
M Zafari,1,1,1.0,1.0,188,188.0
Y Muto,1,1,1.0,0.9,200,200.0
H Okada,1,1,1.0,0.9,200,200.0
C Gardner‐McCune,1,1,1.0,0.95,155,155.0
KN Geramani,1,1,1.0,0.9,3,3.0
G Ioannidis,1,1,1.0,0.9,3,3.0
M Horn,1,1,1.0,0.9,2,2.0
KJ Saeger,1,1,1.0,0.6,7,7.0
K Stan,1,1,1.0,0.6,1,1.0
ZW Taylor,1,1,1.0,0.6,1,1.0
W Yu,1,1,1.0,0.9,0,0.0
O Miliou,1,1,1.0,0.7,934,934.0
M Dindar,1,1,1.0,0.9,910,910.0
S Järvelä,1,1,1.0,0.9,910,910.0
B Younis,1,1,1.0,0.9,3,3.0
D Uygun,1,1,1.0,0.9,7,7.0
A Perry,1,1,1.0,0.95,30,30.0
A Catala,1,1,1.0,0.95,527,527.0
Y Liu,1,1,1.0,0.9,0,0.0
J Lei,1,1,1.0,0.9,0,0.0
S Weiner,1,1,1.0,0.9,7,7.0
S Timotheou,1,1,1.0,0.7,934,934.0
Y Dimitriadis,1,1,1.0,0.7,934,934.0
TS Shaaban,1,1,1.0,0.85,43,43.0
J Clausen,1,1,1.0,0.9,0,0.0
C Cohn,1,1,1.0,0.85,23,23.0
JH Fonteles,1,1,1.0,0.85,23,23.0
A TS,1,1,1.0,0.85,23,23.0
W Peng,1,1,1.0,0.8,1,1.0
MNO Sadiku,1,1,1.0,0.9,117,117.0
SM Musa,1,1,1.0,0.9,117,117.0
UC Chukwu,1,1,1.0,0.9,117,117.0
L Casal-Otero,1,1,1.0,0.95,527,527.0
AM Mohamed,1,1,1.0,0.85,43,43.0
S Hrastinski,1,1,1.0,0.9,178,178.0
CC Tsai,2,1,0.5,0.6000000000000001,325,162.5
E Buxton,1,1,1.0,0.9,6,6.0
T Cerratto-Pargman,1,1,1.0,0.8,0,0.0
D Inclezan,1,1,1.0,0.95,0,0.0
J Femiani,1,1,1.0,0.95,0,0.0
S Aravantinos,1,1,1.0,0.95,90,90.0
K Lavidas,1,1,1.0,0.95,90,90.0
I Voulgari,1,1,1.0,0.95,90,90.0
AR Rahimi,1,1,1.0,0.6,3,3.0
A Mühling,1,1,1.0,0.85,22,22.0
A Edmett,1,1,1.0,0.7,176,176.0
F Almasri,1,1,1.0,0.85,223,223.0
U Maier,1,1,1.0,0.8,172,172.0
K Khandelwal,1,1,1.0,0.9,1,1.0
RM Martins,1,1,1.0,0.8,314,314.0
C Gresse Von Wangenheim,1,1,1.0,0.8,314,314.0
MA Tamashiro,1,1,1.0,0.8,0,0.0
M Deslandes Martineau,1,1,1.0,0.95,4,4.0
LO Campbell,1,1,1.0,0.9,4,4.0
G Nugent,1,1,1.0,0.6,83,83.0
VI Adamchuk,1,1,1.0,0.6,83,83.0
S Yadav,1,1,1.0,0.95,5,5.0
C Borchers,1,1,1.0,0.9,1,1.0
MD Martineau,1,1,1.0,0.95,1,1.0
AV Rukadikar,1,1,1.0,0.9,1,1.0
YME Heung,1,1,1.0,0.8,31,31.0
S Alghowinem,1,1,1.0,0.9,33,33.0
S Koshy,1,1,1.0,0.9,4,4.0
P Topali,1,1,1.0,0.6,41,41.0
A Ortega-Arranz,1,1,1.0,0.6,41,41.0
S Wang,1,1,1.0,0.9,178,178.0
H Li,1,1,1.0,0.9,178,178.0
J Tang,1,1,1.0,0.9,178,178.0
Q Wang,1,1,1.0,0.7,17,17.0
J Yang,1,1,1.0,0.7,17,17.0
K Pearce,1,1,1.0,0.9,33,33.0
J Childs,1,1,1.0,0.9,4,4.0
J Boasen,1,1,1.0,0.95,1,1.0
J Suhonen,1,1,1.0,0.9,215,215.0
K Hartley,1,1,1.0,0.7,73,73.0
Y Yin,1,1,1.0,0.95,1,1.0
S Monroe,1,1,1.0,0.95,7,7.0
M Hayak,1,1,1.0,0.7,73,73.0
J Niewint-Gori,1,1,1.0,0.9,7,7.0
N Kim,1,1,1.0,0.85,164,164.0
G Tur,1,1,1.0,0.95,222,222.0
P Zhang,1,1,1.0,0.95,222,222.0
M Israel,1,1,1.0,0.9,1,1.0
BS Barker,1,1,1.0,0.6,83,83.0
K Ciampa,1,1,1.0,0.95,5,5.0
S Banister,1,1,1.0,0.6,332,332.0
RM Muchowe,1,1,1.0,0.7,2,2.0
A Wagner,1,1,1.0,0.6,112,112.0
J Gray,1,1,1.0,0.6,112,112.0
V Slavov,1,1,1.0,0.6,6,6.0
ON Chisom,1,1,1.0,0.8,136,136.0
S Keppler,1,1,1.0,0.9,7,7.0
AD Olofsson,1,1,1.0,0.9,178,178.0
B Bolender,1,1,1.0,0.9,2,2.0
E Bardone,1,1,1.0,0.9,464,464.0
Z Unal,1,1,1.0,0.9,3,3.0
JH Han,1,1,1.0,0.95,1,1.0
WP Sinchaisri,1,1,1.0,0.9,7,7.0
LH Musaeus,1,1,1.0,0.95,0,0.0
KEK Bilstrup,1,1,1.0,0.95,0,0.0
Z Weng,1,1,1.0,0.6,2,2.0
J Uchidiuno,1,1,1.0,0.9,0,0.0
Y Park,1,1,1.0,0.9,37,37.0
H Hua,1,1,1.0,0.7,6,6.0
Y Shin,1,1,1.0,0.9,37,37.0
AWF Kouam,1,1,1.0,0.7,2,2.0
M Klar,1,1,1.0,0.95,4,4.0
A Sergeeva,1,1,1.0,0.6,0,0.0
F Hollands,1,1,1.0,0.9,12,12.0
JM Fernández-Batanero,1,1,1.0,0.9,265,265.0
F Bickel,1,1,1.0,0.9,0,0.0
A Metreveli,1,1,1.0,0.6,0,0.0
S Druga,1,1,1.0,0.9,112,112.0
A Hedman,1,1,1.0,0.6,0,0.0
C Costa,1,1,1.0,0.6,5,5.0
C Frawley,1,1,1.0,0.9,4,4.0
AK Dey,1,1,1.0,0.9,3,3.0
H Kim,1,1,1.0,0.95,0,0.0
VK Chauhan,1,1,1.0,0.9,3,3.0
M Kasinidou,1,1,1.0,0.9,5,5.0
PK Singh,1,1,1.0,0.9,3,3.0
P Nedungadi,1,1,1.0,0.8,37,37.0
KY Tang,1,1,1.0,0.8,37,37.0
A Sabuncuoglu,1,1,1.0,0.9,169,169.0
L Shi,1,1,1.0,0.8,0,0.0
I García-Martínez,1,1,1.0,0.9,265,265.0
R Kohli,1,0,0.0,0.3,486,486.0
M Bernacki,1,0,0.0,0.4,307,307.0
D Ryndak,1,0,0.0,0.2,205,205.0
M Cleveland-Innes,1,0,0.0,0.4,96,96.0
JA Greene,1,0,0.0,0.4,307,307.0
B Cope,2,0,0.0,0.4,212,106.0
MD Klopfer,1,0,0.0,0.4,106,106.0
JR Morelock,1,0,0.0,0.4,106,106.0
JM White,1,0,0.0,0.2,205,205.0
RE Ferdig,1,0,0.0,0.4,9,9.0
TT Wijaya,1,0,0.0,0.4,348,348.0
M Oubibi,1,0,0.0,0.4,348,348.0
M Kreinsen,1,0,0.0,0.4,2,2.0
F Grospietsch,1,0,0.0,0.4,2,2.0
S Simeonov,1,0,0.0,0.3,4,4.0
F Feradov,1,0,0.0,0.3,4,4.0
EA Dare,2,0,0.0,0.4,348,174.0
T Abu-Alam,1,0,0.0,0.3,4,4.0
D Maor,1,0,0.0,0.4,141,141.0
LH Wang,2,0,0.0,0.4,762,381.0
M Kalantzis,2,0,0.0,0.4,212,106.0
A Marinov,1,0,0.0,0.3,4,4.0
OM Ijiga,1,0,0.0,0.4,8,8.0
T Orr,1,0,0.0,0.4,96,96.0
KK Hiran,1,0,0.0,0.4,155,155.0
L Başarır,1,0,0.0,0.4,45,45.0
B George,1,0,0.0,0.4,429,429.0
O Wooden,1,0,0.0,0.4,429,429.0
P Schuermann,1,0,0.0,0.4,150,150.0
E Goldring,1,0,0.0,0.4,150,150.0
R Scordino,1,0,0.0,0.4,258,258.0
M Liu,1,0,0.0,0.4,258,258.0
JB Walton,1,0,0.0,0.3,262,262.0
CC Johnson,1,0,0.0,0.3,262,262.0
JE Osler II,1,0,0.0,0.4,4,4.0
JM Hughes,1,0,0.0,0.4,434,434.0
KN Jozkowski,1,0,0.0,0.2,147,147.0
MAI Al-Shallakh,1,0,0.0,0.4,18,18.0
MJ Maas,1,0,0.0,0.4,434,434.0
MK Barbour,1,0,0.0,0.4,109,109.0
J Siko,1,0,0.0,0.4,109,109.0
E Gross,1,0,0.0,0.4,109,109.0
K Swan,1,0,0.0,0.4,403,403.0
P Shea,1,0,0.0,0.4,403,403.0
J Seaman,1,0,0.0,0.4,403,403.0
AG Picciano,1,0,0.0,0.4,403,403.0
M Lytras,1,0,0.0,0.4,627,627.0
M Wang,1,0,0.0,0.4,7,7.0
S Alrabaee,1,0,0.0,0.2,19,19.0
M Fifolt,1,0,0.0,0.2,77,77.0
MD Lytras,1,0,0.0,0.4,165,165.0
L Archambault,1,0,0.0,0.3,177,177.0
C Shelton,1,0,0.0,0.3,177,177.0
T Leinonen,1,0,0.0,0.4,166,166.0
A Keune,1,0,0.0,0.4,166,166.0
M Veermans,1,0,0.0,0.4,166,166.0
Z Qin,1,0,0.0,0.4,0,0.0
TR Baker,1,0,0.0,0.4,259,259.0
V Barr,1,0,0.0,0.4,2817,2817.0
T Gong,1,0,0.0,0.3,136,136.0
S Fiş Erümit,1,0,0.0,0.4,120,120.0
K Masters,1,0,0.0,0.3,227,227.0
N Pellas,1,0,0.0,0.4,155,155.0
I Kazanidis,1,0,0.0,0.4,155,155.0
G Palaigeorgiou,1,0,0.0,0.4,155,155.0
HQ Chung,1,0,0.0,0.4,221,221.0
H Lee,1,0,0.0,0.4,221,221.0
JK Olson,1,0,0.0,0.3,232,232.0
J Pleasants,1,0,0.0,0.3,232,232.0
G Papanastasiou,2,0,0.0,0.4,792,396.0
A Drigas,1,0,0.0,0.4,165,165.0
C Skianis,2,0,0.0,0.4,792,396.0
M Willis,1,0,0.0,0.2,147,147.0
AE Castagno,1,0,0.0,0.4,414,414.0
PM Wesely,1,0,0.0,0.3,180,180.0
MC Laupichler,1,0,0.0,0.4,548,548.0
A Sortwell,1,0,0.0,0.4,41,41.0
R Ferraz,1,0,0.0,0.4,41,41.0
DR Geelan,1,0,0.0,0.4,41,41.0
G Hine,1,0,0.0,0.4,41,41.0
S Hodge,1,0,0.0,0.4,26,26.0
M Milana,1,0,0.0,0.4,26,26.0
X Liang,1,0,0.0,0.4,155,155.0
H Luo,2,0,0.0,0.4,660,330.0
AL Chapman,1,0,0.0,0.2,38,38.0
A Aster,1,0,0.0,0.4,548,548.0
HA Yanco,1,0,0.0,0.4,17,17.0
AJ Fann,1,0,0.0,0.4,414,414.0
M Lan,1,0,0.0,0.4,6,6.0
K Migliaccio,1,0,0.0,0.4,588,588.0
J Southworth,1,0,0.0,0.4,588,588.0
YJ Lin,1,0,0.0,0.4,93,93.0
HC Chu,1,0,0.0,0.4,252,252.0
GH Hwang,1,0,0.0,0.4,252,252.0
KH Yang,1,0,0.0,0.4,252,252.0
G Kurt,1,0,0.0,0.4,83,83.0
D Atay,1,0,0.0,0.4,83,83.0
DJ Tedick,1,0,0.0,0.3,180,180.0
D Sampson,1,0,0.0,0.4,2,2.0
P Kampylis,1,0,0.0,0.4,2,2.0
W Huang,2,0,0.0,0.4,396,198.0
CK Looi,2,0,0.0,0.4,396,198.0
KF Hew,1,0,0.0,0.4,893,893.0
WS Cheung,1,0,0.0,0.4,893,893.0
NM Ardoin,1,0,0.0,0.3,460,460.0
AW Bowers,1,0,0.0,0.3,460,460.0
NW Roth,1,0,0.0,0.3,460,460.0
M Bond,1,0,0.0,0.3,445,445.0
H Khosravi,1,0,0.0,0.3,445,445.0
M De Laat,1,0,0.0,0.3,445,445.0
N Bergdahl,1,0,0.0,0.3,445,445.0
C Fiesler,2,0,0.0,0.4,442,221.0
N Beard,2,0,0.0,0.4,442,221.0
N Garrett,2,0,0.0,0.4,442,221.0
JH Byun,1,0,0.0,0.3,286,286.0
J Bacak,1,0,0.0,0.4,13,13.0
E Byker,1,0,0.0,0.4,13,13.0
AF Di Natale,1,0,0.0,0.4,556,556.0
C Repetto,1,0,0.0,0.4,556,556.0
G Riva,1,0,0.0,0.4,556,556.0
DJ Lemay,1,0,0.0,0.4,142,142.0
HH Wang,2,0,0.0,0.2,1910,955.0
TJ Moore,2,0,0.0,0.2,1910,955.0
BP Warner,1,0,0.0,0.3,130,130.0
